# Measured out of circuit with an SDM3045X. C1 and C2 are a matched pair 0.04 % apart, selected from nine candidates; the original C1 was 26.8 nF, 14 % from C2.
part,role,nominal,measured,deviation_pct
R1,R_n1  source resistor into node 1,4700,4690.0,-0.2
R2,R_n2  source resistor into node 2,4700,4680.0,-0.4
R3,R_c   coupling resistor,6800,6830.0,+0.4
R4,R_g   node 2 to ground,10000,9900.0,-1.0
C1,node 1 to ground [F]  (matched pair),2.2e-08,2.35e-08,+6.8
C2,node 2 to ground [F]  (matched pair),2.2e-08,2.351e-08,+6.9
R11,Johnson source (channel A),10000,9883.0,-1.2
R12,Johnson source (channel B),10000,9911.0,-0.9
