# Node 2 spectrum, 30 records pooled. Model uses measured components and the COMPUTED gain (A 1125, B 1130) - nothing fitted.
freq_Hz,measured_V_per_rtHz,model_V_per_rtHz
152.59,1.0480e-05,9.3095e-06
162.12,1.0296e-05,9.3059e-06
171.66,1.0487e-05,9.3021e-06
181.20,1.0587e-05,9.2981e-06
190.73,1.0279e-05,9.2939e-06
200.27,9.7908e-06,9.2895e-06
209.81,9.9487e-06,9.2849e-06
219.35,1.0230e-05,9.2801e-06
228.88,9.9307e-06,9.2751e-06
238.42,1.0362e-05,9.2699e-06
247.96,1.0275e-05,9.2645e-06
257.49,9.5994e-06,9.2588e-06
267.03,9.4102e-06,9.2530e-06
276.57,9.7439e-06,9.2470e-06
286.10,9.8819e-06,9.2408e-06
295.64,1.0068e-05,9.2344e-06
305.18,1.0391e-05,9.2278e-06
314.71,1.0024e-05,9.2210e-06
324.25,1.0046e-05,9.2141e-06
333.79,9.9047e-06,9.2069e-06
343.32,9.8293e-06,9.1996e-06
352.86,9.9028e-06,9.1920e-06
362.40,9.6469e-06,9.1843e-06
371.93,1.0196e-05,9.1764e-06
381.47,1.0221e-05,9.1684e-06
391.01,1.0116e-05,9.1601e-06
400.54,1.0256e-05,9.1517e-06
410.08,1.0240e-05,9.1431e-06
419.62,1.0388e-05,9.1344e-06
429.15,1.0423e-05,9.1255e-06
438.69,1.0250e-05,9.1164e-06
448.23,9.8371e-06,9.1071e-06
457.76,9.1867e-06,9.0977e-06
467.30,9.2607e-06,9.0881e-06
476.84,9.6835e-06,9.0784e-06
486.37,9.8925e-06,9.0685e-06
495.91,9.7682e-06,9.0585e-06
505.45,9.8857e-06,9.0483e-06
514.98,1.0003e-05,9.0379e-06
524.52,9.7536e-06,9.0275e-06
534.06,9.6091e-06,9.0168e-06
543.59,9.6892e-06,9.0061e-06
553.13,9.3269e-06,8.9952e-06
562.67,9.1857e-06,8.9841e-06
572.20,1.0081e-05,8.9729e-06
581.74,9.9921e-06,8.9616e-06
591.28,9.5534e-06,8.9502e-06
600.81,9.3169e-06,8.9386e-06
610.35,9.0294e-06,8.9269e-06
619.89,9.2159e-06,8.9151e-06
629.43,9.5510e-06,8.9031e-06
638.96,9.2415e-06,8.8911e-06
648.50,9.2988e-06,8.8789e-06
658.04,9.6462e-06,8.8666e-06
667.57,9.4435e-06,8.8542e-06
677.11,9.2922e-06,8.8417e-06
686.65,9.2045e-06,8.8290e-06
696.18,9.1721e-06,8.8163e-06
705.72,9.5301e-06,8.8035e-06
715.26,9.9416e-06,8.7906e-06
734.33,1.2197e-05,8.7644e-06
743.87,9.7161e-06,8.7512e-06
753.40,9.2724e-06,8.7379e-06
762.94,9.5813e-06,8.7245e-06
772.48,9.6056e-06,8.7110e-06
791.55,9.2254e-06,8.6837e-06
801.09,9.0368e-06,8.6700e-06
810.62,9.0169e-06,8.6562e-06
820.16,9.0480e-06,8.6423e-06
839.23,8.9520e-06,8.6143e-06
848.77,8.3659e-06,8.6001e-06
858.31,8.6601e-06,8.5860e-06
877.38,9.5000e-06,8.5574e-06
886.92,9.0215e-06,8.5430e-06
905.99,9.0393e-06,8.5141e-06
915.53,8.9713e-06,8.4995e-06
925.06,8.9044e-06,8.4849e-06
944.14,9.3116e-06,8.4556e-06
953.67,9.3758e-06,8.4408e-06
972.75,9.0584e-06,8.4111e-06
982.28,9.2452e-06,8.3962e-06
1001.36,9.1285e-06,8.3663e-06
1020.43,9.3539e-06,8.3363e-06
1029.97,9.2644e-06,8.3212e-06
1049.04,9.0918e-06,8.2909e-06
1068.12,9.1869e-06,8.2605e-06
1077.65,8.4769e-06,8.2453e-06
1096.73,8.6471e-06,8.2147e-06
1115.80,8.8738e-06,8.1841e-06
1125.34,8.6047e-06,8.1687e-06
1144.41,8.7185e-06,8.1379e-06
1163.48,8.9400e-06,8.1071e-06
1182.56,8.6031e-06,8.0762e-06
1201.63,8.9031e-06,8.0453e-06
1220.70,8.8037e-06,8.0144e-06
1239.78,8.7209e-06,7.9834e-06
1258.85,8.7811e-06,7.9524e-06
1277.92,8.4473e-06,7.9215e-06
1297.00,8.8424e-06,7.8905e-06
1316.07,9.0531e-06,7.8595e-06
1335.14,8.3422e-06,7.8286e-06
1354.22,8.4236e-06,7.7977e-06
1373.29,8.3441e-06,7.7668e-06
1392.36,9.2874e-06,7.7359e-06
1411.44,8.4662e-06,7.7051e-06
1440.05,1.0645e-05,7.6591e-06
1459.12,1.3835e-05,7.6284e-06
1478.20,9.1233e-06,7.5979e-06
1506.81,8.2728e-06,7.5522e-06
1525.88,7.9680e-06,7.5218e-06
1544.95,8.3194e-06,7.4915e-06
1573.56,8.0130e-06,7.4463e-06
1592.64,8.5975e-06,7.4162e-06
1621.25,7.7784e-06,7.3714e-06
1649.86,7.9150e-06,7.3268e-06
1668.93,7.7321e-06,7.2971e-06
1697.54,8.0346e-06,7.2530e-06
1716.61,7.6712e-06,7.2236e-06
1745.22,7.4313e-06,7.1799e-06
1773.83,7.6779e-06,7.1365e-06
1802.44,7.5118e-06,7.0933e-06
1831.05,7.8209e-06,7.0504e-06
1859.66,7.5125e-06,7.0079e-06
1878.74,7.6954e-06,6.9797e-06
1907.35,8.0831e-06,6.9376e-06
1935.96,7.2312e-06,6.8959e-06
1974.11,7.0888e-06,6.8408e-06
2002.72,8.0591e-06,6.7998e-06
2031.33,7.3722e-06,6.7592e-06
2059.94,7.3734e-06,6.7188e-06
2088.55,7.2850e-06,6.6788e-06
2126.69,7.4194e-06,6.6260e-06
2155.30,7.5896e-06,6.5868e-06
2183.91,7.7534e-06,6.5479e-06
2222.06,6.9863e-06,6.4966e-06
2250.67,6.8186e-06,6.4585e-06
2288.82,7.0754e-06,6.4082e-06
2326.97,7.3720e-06,6.3584e-06
2355.58,6.9188e-06,6.3215e-06
2393.72,6.6548e-06,6.2728e-06
2431.87,6.8681e-06,6.2246e-06
2470.02,7.1825e-06,6.1771e-06
2508.16,6.8737e-06,6.1301e-06
2546.31,6.4786e-06,6.0836e-06
2584.46,6.5811e-06,6.0377e-06
2622.60,6.7420e-06,5.9924e-06
2660.75,6.6258e-06,5.9475e-06
2698.90,6.7216e-06,5.9033e-06
2737.05,6.7708e-06,5.8595e-06
2784.73,6.4231e-06,5.8056e-06
2822.88,6.5044e-06,5.7630e-06
2870.56,6.5643e-06,5.7105e-06
2908.71,7.0048e-06,5.6691e-06
2956.39,6.3226e-06,5.6179e-06
2994.54,6.6659e-06,5.5776e-06
3042.22,6.1820e-06,5.5278e-06
3089.90,6.0371e-06,5.4788e-06
3137.59,5.8927e-06,5.4305e-06
3185.27,6.2192e-06,5.3829e-06
3232.96,5.9902e-06,5.3360e-06
3280.64,6.1601e-06,5.2898e-06
3328.32,6.1169e-06,5.2443e-06
3376.01,5.9466e-06,5.1994e-06
3433.23,5.6548e-06,5.1464e-06
3480.91,6.1111e-06,5.1029e-06
3538.13,5.6824e-06,5.0516e-06
3585.82,5.8842e-06,5.0094e-06
3643.04,5.8511e-06,4.9597e-06
3700.26,5.8072e-06,4.9107e-06
3757.48,5.7120e-06,4.8626e-06
3814.70,5.5364e-06,4.8153e-06
3871.92,5.4961e-06,4.7688e-06
3929.14,5.0457e-06,4.7230e-06
3986.36,5.4686e-06,4.6780e-06
4043.58,5.3573e-06,4.6338e-06
4110.34,5.1070e-06,4.5830e-06
4167.56,5.0777e-06,4.5403e-06
4234.31,5.1910e-06,4.4913e-06
4301.07,5.0297e-06,4.4433e-06
4358.29,5.4168e-06,4.4028e-06
4425.05,5.0506e-06,4.3563e-06
4491.81,5.2892e-06,4.3108e-06
4558.56,4.8424e-06,4.2660e-06
4634.86,4.7851e-06,4.2158e-06
4701.61,5.1255e-06,4.1728e-06
4768.37,4.6505e-06,4.1305e-06
4844.67,4.8401e-06,4.0831e-06
4920.96,4.7756e-06,4.0366e-06
4987.72,4.8986e-06,3.9967e-06
5064.01,4.5724e-06,3.9520e-06
5140.30,4.5578e-06,3.9081e-06
5216.60,4.5651e-06,3.8651e-06
5302.43,4.5006e-06,3.8177e-06
5378.72,4.5280e-06,3.7765e-06
5464.55,4.4301e-06,3.7310e-06
5540.85,4.4546e-06,3.6914e-06
5626.68,4.2744e-06,3.6478e-06
5712.51,4.3600e-06,3.6050e-06
5798.34,4.0870e-06,3.5632e-06
5884.17,4.2067e-06,3.5222e-06
5979.54,3.9435e-06,3.4777e-06
6065.37,4.1139e-06,3.4384e-06
6160.74,3.8835e-06,3.3958e-06
6246.57,3.7162e-06,3.3582e-06
6341.93,3.8647e-06,3.3173e-06
6437.30,3.9967e-06,3.2774e-06
6532.67,4.0522e-06,3.2383e-06
6637.57,3.8454e-06,3.1962e-06
6732.94,3.4909e-06,3.1589e-06
6837.84,3.5295e-06,3.1187e-06
6942.75,3.6120e-06,3.0794e-06
7047.65,3.6230e-06,3.0411e-06
7152.56,3.5431e-06,3.0036e-06
7257.46,3.8559e-06,2.9670e-06
7371.90,3.4535e-06,2.9280e-06
7476.81,3.4474e-06,2.8930e-06
7591.25,3.5414e-06,2.8558e-06
7705.69,3.5614e-06,2.8194e-06
7829.67,3.3985e-06,2.7810e-06
7944.11,3.3349e-06,2.7463e-06
8058.55,3.3331e-06,2.7125e-06
8182.53,3.3464e-06,2.6767e-06
8306.50,3.1131e-06,2.6418e-06
8430.48,3.4807e-06,2.6078e-06
8564.00,3.1003e-06,2.5720e-06
8687.97,3.1086e-06,2.5396e-06
8821.49,2.9993e-06,2.5056e-06
8955.00,3.0480e-06,2.4724e-06
9088.52,2.9103e-06,2.4401e-06
9222.03,2.8552e-06,2.4085e-06
9365.08,2.8681e-06,2.3755e-06
9508.13,3.0241e-06,2.3434e-06
9651.18,2.6904e-06,2.3121e-06
9794.24,2.7781e-06,2.2816e-06
9946.82,2.6551e-06,2.2499e-06
10089.87,2.6751e-06,2.2209e-06
10242.46,2.9001e-06,2.1907e-06
10404.59,2.7075e-06,2.1596e-06
10557.17,2.5131e-06,2.1310e-06
10719.30,2.6122e-06,2.1014e-06
10881.42,2.5109e-06,2.0726e-06
11043.55,2.4875e-06,2.0446e-06
11215.21,2.3972e-06,2.0157e-06
11377.33,2.4251e-06,1.9891e-06
11549.00,2.3332e-06,1.9616e-06
11730.19,2.4521e-06,1.9335e-06
11901.86,2.2651e-06,1.9075e-06
12083.05,2.2622e-06,1.8808e-06
12264.25,2.2139e-06,1.8548e-06
12445.45,2.3070e-06,1.8295e-06
12636.18,2.2328e-06,1.8036e-06
12826.92,2.1125e-06,1.7784e-06
13017.65,2.1729e-06,1.7538e-06
13217.93,2.2030e-06,1.7287e-06
13418.20,2.2012e-06,1.7044e-06
13618.47,2.1243e-06,1.6806e-06
13828.28,2.1139e-06,1.6565e-06
14038.09,1.9918e-06,1.6330e-06
14247.89,2.0283e-06,1.6101e-06
14457.70,1.9599e-06,1.5879e-06
14677.05,1.9331e-06,1.5652e-06
14905.93,1.9147e-06,1.5423e-06
15125.27,1.9620e-06,1.5209e-06
15354.16,1.9269e-06,1.4992e-06
15583.04,1.8427e-06,1.4781e-06
15821.46,1.7896e-06,1.4567e-06
16059.88,1.7912e-06,1.4360e-06
16298.29,1.8537e-06,1.4158e-06
16546.25,1.8284e-06,1.3953e-06
16794.20,1.6966e-06,1.3755e-06
17051.70,1.7525e-06,1.3555e-06
17309.19,1.6731e-06,1.3360e-06
17566.68,1.6427e-06,1.3170e-06
17833.71,1.5950e-06,1.2980e-06
18100.74,1.5405e-06,1.2794e-06
18377.30,1.5746e-06,1.2608e-06
18653.87,1.6302e-06,1.2426e-06
18939.97,1.6242e-06,1.2244e-06
19226.07,1.4814e-06,1.2067e-06
19512.18,1.5079e-06,1.1895e-06
19807.82,1.4196e-06,1.1722e-06
20103.45,1.5304e-06,1.1554e-06
20408.63,1.4242e-06,1.1385e-06
20713.81,1.4767e-06,1.1222e-06
21028.52,1.5163e-06,1.1058e-06
21343.23,1.4293e-06,1.0898e-06
21667.48,1.4773e-06,1.0739e-06
21991.73,1.4336e-06,1.0584e-06
22325.52,1.3721e-06,1.0429e-06
22668.84,1.3119e-06,1.0274e-06
23002.62,1.3125e-06,1.0128e-06
23355.48,1.3206e-06,9.9782e-07
23708.34,1.2431e-06,9.8325e-07
24061.20,1.2518e-06,9.6909e-07
24423.60,1.1646e-06,9.5497e-07
24795.53,1.2102e-06,9.4089e-07
25167.47,1.1826e-06,9.2722e-07
25548.93,1.1940e-06,9.1359e-07
25930.40,1.2305e-06,9.0037e-07
26330.95,1.1677e-06,8.8688e-07
26721.95,1.0998e-06,8.7409e-07
27122.50,1.1645e-06,8.6137e-07
27532.58,1.2006e-06,8.4872e-07
27952.19,1.0903e-06,8.3615e-07
28371.81,1.1049e-06,8.2395e-07
28800.96,1.1720e-06,8.1183e-07
29239.65,1.0715e-06,7.9980e-07
29678.34,1.0531e-06,7.8812e-07
30126.57,1.0359e-06,7.7653e-07
30574.80,1.0245e-06,7.6528e-07
31042.10,9.9781e-07,7.5388e-07
31509.40,1.0554e-06,7.4282e-07
31986.24,1.1131e-06,7.3186e-07
32463.07,9.7532e-07,7.2122e-07
32958.98,9.8229e-07,7.1048e-07
33454.90,9.8690e-07,7.0005e-07
33960.34,9.1130e-07,6.8972e-07
34475.33,8.9309e-07,6.7951e-07
34990.31,9.2736e-07,6.6960e-07
35514.83,8.9221e-07,6.5979e-07
36058.43,8.7535e-07,6.4993e-07
36602.02,8.9458e-07,6.4035e-07
37155.15,8.4854e-07,6.3089e-07
37708.28,9.0203e-07,6.2171e-07
38280.49,8.9223e-07,6.1248e-07
38862.23,7.7543e-07,6.0338e-07
39443.97,8.2718e-07,5.9454e-07
40035.25,8.6787e-07,5.8582e-07
40645.60,8.5130e-07,5.7708e-07
41255.95,8.1413e-07,5.6860e-07
41875.84,7.9866e-07,5.6023e-07
42514.80,8.2076e-07,5.5186e-07
43153.76,8.5080e-07,5.4374e-07
43802.26,7.7642e-07,5.3573e-07
44460.30,7.7084e-07,5.2785e-07
45137.41,7.7371e-07,5.1997e-07
45814.51,7.6533e-07,5.1233e-07
46510.70,1.4026e-06,5.0469e-07
47206.88,7.1327e-07,4.9729e-07
47922.13,7.5162e-07,4.8990e-07
48646.93,7.2721e-07,4.8263e-07
49381.26,7.1047e-07,4.7549e-07
50125.12,6.8031e-07,4.6846e-07
50878.52,6.8241e-07,4.6155e-07
51651.00,6.6389e-07,4.5468e-07
52423.48,6.7310e-07,4.4801e-07
53215.03,6.7695e-07,4.4137e-07
54025.65,6.5187e-07,4.3477e-07
54836.27,6.4836e-07,4.2837e-07
55665.97,6.1133e-07,4.2200e-07
56505.20,6.7994e-07,4.1576e-07
57353.97,6.3433e-07,4.0962e-07
58221.82,5.7284e-07,4.0354e-07
59099.20,6.1815e-07,3.9756e-07
59995.65,3.7203e-06,3.9164e-07
